Words,Frequency
#dilsefoodie,9
#sanjyotkeer,8
#foodporn,7
#streetfood,7
#recipe,6
#foodie,6
#comfortfood,6
#WorstCooks,4
#food,4
#recipeoftheday,4
#recipes,3
#foodiesofinstagram,3
#LesRochesConnect,3
#LesRochesWayOfLife,3
#GlionConnect,3
#GlionSpirit,3
#friedchicken,2
#mumbaifoodie,2
#mumbaistreetfood,2
#mumbaifood,2
#foodstagram,2
#indiancuisine,2
#yourfoodlab,2
#frankie,2
#paneer,2
#ContestAlert,2
#VivsTips,1
#DeliciousMissBrown,1
#WhatADissapointment,1
#FreakshowCakes,1
#HalloweenBakingChampionship,1
#SouthernKitchen,1
#arizona,1
#statefair,1
#corndog,1
#chili,1
#cincinnati,1
#midwest,1
#kfc,1
#kfclocker,1
#kfcjapan,1
#ukranian,1
#newyorkcity,1
#dumplings,1
#amazon,1
#amazonprimeday,1
#primeday,1
#primeday2020,1
#kitchendeals,1
#atlanta,1
#chicken,1
#thaifriedchicken,1
#thaifood,1
#losangeles,1
#pulao,1
#brightwin,1
#foodlover,1
#rice,1
#dosa,1
#dosalover,1
#indianclicks,1
#streetphotography,1
#navratri,1
#noonionnogarlic,1
#rolls,1
#streetstyle,1
#yummyfood,1
#noodles,1
#noodle,1
#reelsinstagram,1
#pizza,1
#pizzalover,1
#pizzapizzapizza,1
#pizzatime,1
#paneerlove,1
#sanjyot,1
#cake,1
#cakesofinstagram,1
#cakestagram,1
#cakedecorating,1
#cakecakecake,1
#cakedesigner,1
#almond,1
#almondcake,1
#teatimesnacks,1
#tealovers,1
#mumbai_ig,1
#bhuna,1
#dugdugdug,1
#Dad,1
#Love,1
#OreoReciPic,1
#Oreo,1
#RecipeContest,1
#Contestgram,1
#Contestgiveaway,1
#Competition,1
#Participate,1
#India,1
#dad,1
#love,1
#forever,1
#superwoman,1
#GiveawayAlert,1
#NewInTown,1
#WorldEggDay,1
